{
	"test ": {
		"1": {
			"Type": "Cube",
			"Cube": {
				"ColliderState": "1",
				"AngularVelocity": {
					"x": "0.000000",
					"y": "0.000000",
					"z": "0.000000"
				},
				"Name": "Default Cube",
				"RestingState": "false",
				"Velocity": {
					"x": "0.000000",
					"y": "0.000000",
					"z": "0.000000"
				},
				"Position": {
					"x": "-9.900000",
					"y": "0.000000",
					"z": "0.000000"
				},
				"Mass": "10.000000",
				"Orientation": {
					"j": "0.000000",
					"r": "1.000000",
					"i": "0.000000",
					"k": "0.000000"
				},
				"Acceleration": {
					"x": "0.000000",
					"y": "0.000000",
					"z": "0.000000"
				},
				"Elasticity": "0.500000",
				"Restitution": "0.350000",
				"InverseMass": "0.100000",
				"HasFiniteMass": "true",
				"ColliderType": "Cube",
				"Damping": "0.750000",
				"AngularDamping": "0.400000",
				"Friction": "0.300000",
				"Scale": {
					"x": "1.000000",
					"y": "1.000000",
					"z": "1.000000"
				}
			}
		},
		"2": {
			"Type": "Cube",
			"Cube": {
				"ColliderState": "1",
				"AngularVelocity": {
					"x": "0.000000",
					"y": "0.000000",
					"z": "0.000000"
				},
				"Name": "Default Cube",
				"RestingState": "false",
				"Velocity": {
					"x": "0.000000",
					"y": "0.000000",
					"z": "0.000000"
				},
				"Position": {
					"x": "11.900000",
					"y": "0.000000",
					"z": "0.000000"
				},
				"Mass": "10.000000",
				"Orientation": {
					"j": "0.000000",
					"r": "1.000000",
					"i": "0.000000",
					"k": "0.000000"
				},
				"Acceleration": {
					"x": "0.000000",
					"y": "0.000000",
					"z": "0.000000"
				},
				"Elasticity": "0.500000",
				"Restitution": "0.350000",
				"InverseMass": "0.100000",
				"HasFiniteMass": "true",
				"ColliderType": "Cube",
				"Damping": "0.750000",
				"AngularDamping": "0.400000",
				"Friction": "0.300000",
				"Scale": {
					"x": "1.000000",
					"y": "1.000000",
					"z": "1.000000"
				}
			}
		}
	},
	"Scenario_1": {
		"3": {
			"Type": "Cube",
			"Cube": {
				"ColliderState": "1",
				"AngularVelocity": {
					"x": "0.000000",
					"y": "0.000000",
					"z": "0.000000"
				},
				"Name": "Default Cube",
				"RestingState": "false",
				"Velocity": {
					"x": "0.000000",
					"y": "0.000000",
					"z": "0.000000"
				},
				"Position": {
					"x": "-0.400000",
					"y": "0.000000",
					"z": "0.000000"
				},
				"Mass": "10.000000",
				"Orientation": {
					"j": "0.000000",
					"r": "1.000000",
					"i": "0.000000",
					"k": "0.000000"
				},
				"Acceleration": {
					"x": "0.000000",
					"y": "0.000000",
					"z": "0.000000"
				},
				"Elasticity": "0.500000",
				"Restitution": "0.350000",
				"InverseMass": "0.100000",
				"HasFiniteMass": "true",
				"ColliderType": "Cube",
				"Damping": "0.750000",
				"AngularDamping": "0.400000",
				"Friction": "0.300000",
				"Scale": {
					"x": "0.900000",
					"y": "7.800000",
					"z": "9.400000"
				}
			}
		},
		"4": {
			"Type": "Cube",
			"Cube": {
				"ColliderState": "1",
				"AngularVelocity": {
					"x": "0.000000",
					"y": "0.000000",
					"z": "0.000000"
				},
				"Name": "Default Cube",
				"RestingState": "false",
				"Velocity": {
					"x": "0.000000",
					"y": "0.000000",
					"z": "0.000000"
				},
				"Position": {
					"x": "3.600000",
					"y": "-0.100000",
					"z": "5.200000"
				},
				"Mass": "10.000000",
				"Orientation": {
					"j": "0.000000",
					"r": "1.000000",
					"i": "0.000000",
					"k": "0.000000"
				},
				"Acceleration": {
					"x": "0.000000",
					"y": "0.000000",
					"z": "0.000000"
				},
				"Elasticity": "0.500000",
				"Restitution": "0.350000",
				"InverseMass": "0.100000",
				"HasFiniteMass": "true",
				"ColliderType": "Cube",
				"Damping": "0.750000",
				"AngularDamping": "0.400000",
				"Friction": "0.300000",
				"Scale": {
					"x": "11.800000",
					"y": "8.000000",
					"z": "-1.100000"
				}
			}
		},
		"5": {
			"Type": "Cube",
			"Cube": {
				"ColliderState": "1",
				"AngularVelocity": {
					"x": "0.000000",
					"y": "0.000000",
					"z": "0.000000"
				},
				"Name": "Default Cube",
				"RestingState": "false",
				"Velocity": {
					"x": "0.000000",
					"y": "0.000000",
					"z": "0.000000"
				},
				"Position": {
					"x": "9.400000",
					"y": "0.000000",
					"z": "0.000000"
				},
				"Mass": "10.000000",
				"Orientation": {
					"j": "0.709990",
					"r": "0.704212",
					"i": "0.000000",
					"k": "0.000000"
				},
				"Acceleration": {
					"x": "0.000000",
					"y": "0.000000",
					"z": "0.000000"
				},
				"Elasticity": "0.500000",
				"Restitution": "0.350000",
				"InverseMass": "0.100000",
				"HasFiniteMass": "true",
				"ColliderType": "Cube",
				"Damping": "0.750000",
				"AngularDamping": "0.400000",
				"Friction": "0.300000",
				"Scale": {
					"x": "9.800000",
					"y": "7.500000",
					"z": "0.900000"
				}
			}
		},
		"6": {
			"Type": "Cube",
			"Cube": {
				"ColliderState": "1",
				"AngularVelocity": {
					"x": "0.000000",
					"y": "0.000000",
					"z": "0.000000"
				},
				"Name": "Default Cube",
				"RestingState": "false",
				"Velocity": {
					"x": "0.000000",
					"y": "0.000000",
					"z": "0.000000"
				},
				"Position": {
					"x": "4.800000",
					"y": "-4.100000",
					"z": "0.000000"
				},
				"Mass": "10.000000",
				"Orientation": {
					"j": "0.000000",
					"r": "1.000000",
					"i": "0.000000",
					"k": "0.000000"
				},
				"Acceleration": {
					"x": "0.000000",
					"y": "0.000000",
					"z": "0.000000"
				},
				"Elasticity": "0.500000",
				"Restitution": "0.350000",
				"InverseMass": "0.100000",
				"HasFiniteMass": "true",
				"ColliderType": "Cube",
				"Damping": "0.750000",
				"AngularDamping": "0.400000",
				"Friction": "0.300000",
				"Scale": {
					"x": "9.800000",
					"y": "1.000000",
					"z": "9.800000"
				}
			}
		},
		"7": {
			"Type": "Sphere",
			"Sphere": {
				"ColliderState": "1",
				"AngularVelocity": {
					"x": "0.000000",
					"y": "0.000000",
					"z": "0.000000"
				},
				"Name": "Default Sphere",
				"RestingState": "false",
				"Velocity": {
					"x": "0.000000",
					"y": "0.000000",
					"z": "0.000000"
				},
				"Position": {
					"x": "3.400000",
					"y": "0.000000",
					"z": "0.000000"
				},
				"Mass": "10.000000",
				"Orientation": {
					"j": "0.000000",
					"r": "1.000000",
					"i": "0.000000",
					"k": "0.000000"
				},
				"Acceleration": {
					"x": "0.000000",
					"y": "0.000000",
					"z": "0.000000"
				},
				"Elasticity": "0.500000",
				"Restitution": "0.350000",
				"InverseMass": "0.100000",
				"HasFiniteMass": "true",
				"ColliderType": "Sphere",
				"Damping": "0.750000",
				"AngularDamping": "0.400000",
				"Friction": "0.300000",
				"Scale": {
					"x": "0.288750",
					"y": "0.288750",
					"z": "0.288750"
				}
			}
		},
		"8": {
			"Type": "Sphere",
			"Sphere": {
				"ColliderState": "1",
				"AngularVelocity": {
					"x": "0.000000",
					"y": "0.000000",
					"z": "0.000000"
				},
				"Name": "Default Sphere",
				"RestingState": "false",
				"Velocity": {
					"x": "0.000000",
					"y": "0.000000",
					"z": "0.000000"
				},
				"Position": {
					"x": "6.900000",
					"y": "-2.300000",
					"z": "-2.900000"
				},
				"Mass": "10.000000",
				"Orientation": {
					"j": "0.000000",
					"r": "1.000000",
					"i": "0.000000",
					"k": "0.000000"
				},
				"Acceleration": {
					"x": "0.000000",
					"y": "0.000000",
					"z": "0.000000"
				},
				"Elasticity": "0.500000",
				"Restitution": "0.350000",
				"InverseMass": "0.100000",
				"HasFiniteMass": "true",
				"ColliderType": "Sphere",
				"Damping": "0.750000",
				"AngularDamping": "0.400000",
				"Friction": "0.300000",
				"Scale": {
					"x": "0.155000",
					"y": "0.155000",
					"z": "0.155000"
				}
			}
		},
		"10": {
			"Type": "Sphere",
			"Sphere": {
				"ColliderState": "1",
				"AngularVelocity": {
					"x": "0.000000",
					"y": "0.000000",
					"z": "0.000000"
				},
				"Name": "Default Sphere",
				"RestingState": "false",
				"Velocity": {
					"x": "0.000000",
					"y": "0.000000",
					"z": "0.000000"
				},
				"Position": {
					"x": "2.000000",
					"y": "-0.900000",
					"z": "-3.000000"
				},
				"Mass": "10.000000",
				"Orientation": {
					"j": "0.000000",
					"r": "1.000000",
					"i": "0.000000",
					"k": "0.000000"
				},
				"Acceleration": {
					"x": "0.000000",
					"y": "0.000000",
					"z": "0.000000"
				},
				"Elasticity": "0.500000",
				"Restitution": "0.350000",
				"InverseMass": "0.100000",
				"HasFiniteMass": "true",
				"ColliderType": "Sphere",
				"Damping": "0.750000",
				"AngularDamping": "0.400000",
				"Friction": "0.300000",
				"Scale": {
					"x": "0.285000",
					"y": "0.285000",
					"z": "0.285000"
				}
			}
		},
		"9": {
			"Type": "Sphere",
			"Sphere": {
				"ColliderState": "1",
				"AngularVelocity": {
					"x": "0.000000",
					"y": "0.000000",
					"z": "0.000000"
				},
				"Name": "Default Sphere",
				"RestingState": "false",
				"Velocity": {
					"x": "0.000000",
					"y": "0.000000",
					"z": "0.000000"
				},
				"Position": {
					"x": "7.300000",
					"y": "1.400000",
					"z": "2.900000"
				},
				"Mass": "10.000000",
				"Orientation": {
					"j": "0.000000",
					"r": "1.000000",
					"i": "0.000000",
					"k": "0.000000"
				},
				"Acceleration": {
					"x": "0.000000",
					"y": "0.000000",
					"z": "0.000000"
				},
				"Elasticity": "0.500000",
				"Restitution": "0.350000",
				"InverseMass": "0.100000",
				"HasFiniteMass": "true",
				"ColliderType": "Sphere",
				"Damping": "0.750000",
				"AngularDamping": "0.400000",
				"Friction": "0.300000",
				"Scale": {
					"x": "0.250625",
					"y": "0.250625",
					"z": "0.250625"
				}
			}
		}
	},
	"Scenario_2": {
		"11": {
			"Type": "Cube",
			"Cube": {
				"ColliderState": "1",
				"AngularVelocity": {
					"x": "0.000000",
					"y": "0.000000",
					"z": "0.000000"
				},
				"Name": "Default Cube",
				"RestingState": "false",
				"Velocity": {
					"x": "0.000000",
					"y": "0.000000",
					"z": "0.000000"
				},
				"Position": {
					"x": "0.000000",
					"y": "0.000000",
					"z": "0.000000"
				},
				"Mass": "10.900000",
				"Orientation": {
					"j": "0.000000",
					"r": "1.000000",
					"i": "0.000000",
					"k": "0.000000"
				},
				"Acceleration": {
					"x": "0.000000",
					"y": "0.000000",
					"z": "0.000000"
				},
				"Elasticity": "0.500000",
				"Restitution": "0.350000",
				"InverseMass": "0.091743",
				"HasFiniteMass": "true",
				"ColliderType": "Cube",
				"Damping": "0.750000",
				"AngularDamping": "0.400000",
				"Friction": "0.300000",
				"Scale": {
					"x": "1.000000",
					"y": "9.700000",
					"z": "11.900000"
				}
			}
		},
		"12": {
			"Type": "Cube",
			"Cube": {
				"ColliderState": "1",
				"AngularVelocity": {
					"x": "0.000000",
					"y": "0.000000",
					"z": "0.000000"
				},
				"Name": "Default Cube",
				"RestingState": "false",
				"Velocity": {
					"x": "0.000000",
					"y": "0.000000",
					"z": "0.000000"
				},
				"Position": {
					"x": "12.100000",
					"y": "-0.100000",
					"z": "0.100000"
				},
				"Mass": "10.900000",
				"Orientation": {
					"j": "0.000000",
					"r": "1.000000",
					"i": "0.000000",
					"k": "0.000000"
				},
				"Acceleration": {
					"x": "0.000000",
					"y": "0.000000",
					"z": "0.000000"
				},
				"Elasticity": "0.500000",
				"Restitution": "0.350000",
				"InverseMass": "0.091743",
				"HasFiniteMass": "true",
				"ColliderType": "Cube",
				"Damping": "0.750000",
				"AngularDamping": "0.400000",
				"Friction": "0.300000",
				"Scale": {
					"x": "1.000000",
					"y": "9.500000",
					"z": "12.100000"
				}
			}
		},
		"13": {
			"Type": "Cube",
			"Cube": {
				"ColliderState": "1",
				"AngularVelocity": {
					"x": "0.000000",
					"y": "0.000000",
					"z": "0.000000"
				},
				"Name": "Default Cube",
				"RestingState": "false",
				"Velocity": {
					"x": "0.000000",
					"y": "0.000000",
					"z": "0.000000"
				},
				"Position": {
					"x": "5.700000",
					"y": "0.000000",
					"z": "5.500000"
				},
				"Mass": "10.900000",
				"Orientation": {
					"j": "0.690057",
					"r": "0.723755",
					"i": "0.000000",
					"k": "0.000000"
				},
				"Acceleration": {
					"x": "0.000000",
					"y": "0.000000",
					"z": "0.000000"
				},
				"Elasticity": "0.500000",
				"Restitution": "0.350000",
				"InverseMass": "0.091743",
				"HasFiniteMass": "true",
				"ColliderType": "Cube",
				"Damping": "0.750000",
				"AngularDamping": "0.400000",
				"Friction": "0.300000",
				"Scale": {
					"x": "1.200000",
					"y": "9.700000",
					"z": "11.900000"
				}
			}
		},
		"14": {
			"Type": "Cube",
			"Cube": {
				"ColliderState": "1",
				"AngularVelocity": {
					"x": "0.000000",
					"y": "0.000000",
					"z": "0.000000"
				},
				"Name": "Default Cube",
				"RestingState": "false",
				"Velocity": {
					"x": "0.000000",
					"y": "0.000000",
					"z": "0.000000"
				},
				"Position": {
					"x": "6.100000",
					"y": "-5.200000",
					"z": "0.000000"
				},
				"Mass": "10.900000",
				"Orientation": {
					"j": "0.000000",
					"r": "0.709251",
					"i": "0.000000",
					"k": "0.704956"
				},
				"Acceleration": {
					"x": "0.000000",
					"y": "0.000000",
					"z": "0.000000"
				},
				"Elasticity": "0.500000",
				"Restitution": "0.350000",
				"InverseMass": "0.091743",
				"HasFiniteMass": "true",
				"ColliderType": "Cube",
				"Damping": "0.750000",
				"AngularDamping": "0.400000",
				"Friction": "0.300000",
				"Scale": {
					"x": "1.000000",
					"y": "12.700000",
					"z": "12.000000"
				}
			}
		},
		"15": {
			"Type": "Capsule",
			"Capsule": {
				"ColliderState": "1",
				"AngularVelocity": {
					"x": "0.000000",
					"y": "0.000000",
					"z": "0.000000"
				},
				"Name": "Default Capsule",
				"RestingState": "false",
				"Velocity": {
					"x": "0.000000",
					"y": "0.000000",
					"z": "0.000000"
				},
				"Position": {
					"x": "3.500000",
					"y": "-0.600000",
					"z": "0.000000"
				},
				"Mass": "10.900000",
				"Orientation": {
					"j": "0.000000",
					"r": "0.945329",
					"i": "0.326118",
					"k": "0.000000"
				},
				"Acceleration": {
					"x": "0.000000",
					"y": "0.000000",
					"z": "0.000000"
				},
				"Elasticity": "0.500000",
				"Restitution": "0.350000",
				"InverseMass": "0.091743",
				"HasFiniteMass": "true",
				"ColliderType": "Capsule",
				"Damping": "0.750000",
				"AngularDamping": "0.400000",
				"Friction": "0.300000",
				"Scale": {
					"x": "0.754000",
					"y": "1.370000",
					"z": "0.754000"
				}
			}
		},
		"16": {
			"Type": "Capsule",
			"Capsule": {
				"ColliderState": "1",
				"AngularVelocity": {
					"x": "0.000000",
					"y": "0.000000",
					"z": "0.000000"
				},
				"Name": "Default Capsule",
				"RestingState": "false",
				"Velocity": {
					"x": "0.000000",
					"y": "0.000000",
					"z": "0.000000"
				},
				"Position": {
					"x": "9.200000",
					"y": "-0.800000",
					"z": "-2.600000"
				},
				"Mass": "10.900000",
				"Orientation": {
					"j": "-0.855404",
					"r": "-0.140887",
					"i": "0.498432",
					"k": "0.000000"
				},
				"Acceleration": {
					"x": "0.000000",
					"y": "0.000000",
					"z": "0.000000"
				},
				"Elasticity": "0.500000",
				"Restitution": "0.350000",
				"InverseMass": "0.091743",
				"HasFiniteMass": "true",
				"ColliderType": "Capsule",
				"Damping": "0.750000",
				"AngularDamping": "0.400000",
				"Friction": "0.300000",
				"Scale": {
					"x": "0.767000",
					"y": "0.700000",
					"z": "0.767000"
				}
			}
		},
		"17": {
			"Type": "Sphere",
			"Sphere": {
				"ColliderState": "1",
				"AngularVelocity": {
					"x": "0.000000",
					"y": "0.000000",
					"z": "0.000000"
				},
				"Name": "Default Sphere",
				"RestingState": "false",
				"Velocity": {
					"x": "0.000000",
					"y": "0.000000",
					"z": "0.000000"
				},
				"Position": {
					"x": "8.300000",
					"y": "23.000000",
					"z": "0.000000"
				},
				"Mass": "10.900000",
				"Orientation": {
					"j": "0.000000",
					"r": "1.000000",
					"i": "0.000000",
					"k": "0.000000"
				},
				"Acceleration": {
					"x": "0.000000",
					"y": "0.000000",
					"z": "0.000000"
				},
				"Elasticity": "0.500000",
				"Restitution": "0.350000",
				"InverseMass": "0.091743",
				"HasFiniteMass": "true",
				"ColliderType": "Sphere",
				"Damping": "0.750000",
				"AngularDamping": "0.400000",
				"Friction": "0.300000",
				"Scale": {
					"x": "0.500000",
					"y": "0.500000",
					"z": "0.500000"
				}
			}
		},
		"18": {
			"Type": "Capsule",
			"Capsule": {
				"ColliderState": "1",
				"AngularVelocity": {
					"x": "0.000000",
					"y": "0.000000",
					"z": "0.000000"
				},
				"Name": "Default Capsule",
				"RestingState": "false",
				"Velocity": {
					"x": "0.000000",
					"y": "0.000000",
					"z": "0.000000"
				},
				"Position": {
					"x": "8.700000",
					"y": "-2.700000",
					"z": "-4.700000"
				},
				"Mass": "10.900000",
				"Orientation": {
					"j": "0.000000",
					"r": "0.964706",
					"i": "0.000000",
					"k": "-0.263330"
				},
				"Acceleration": {
					"x": "0.000000",
					"y": "0.000000",
					"z": "0.000000"
				},
				"Elasticity": "0.500000",
				"Restitution": "0.350000",
				"InverseMass": "0.091743",
				"HasFiniteMass": "true",
				"ColliderType": "Capsule",
				"Damping": "0.750000",
				"AngularDamping": "0.400000",
				"Friction": "0.300000",
				"Scale": {
					"x": "1.339000",
					"y": "1.320000",
					"z": "1.339000"
				}
			}
		},
		"19": {
			"Type": "Capsule",
			"Capsule": {
				"ColliderState": "1",
				"AngularVelocity": {
					"x": "0.000000",
					"y": "0.000000",
					"z": "0.000000"
				},
				"Name": "Default Capsule",
				"RestingState": "false",
				"Velocity": {
					"x": "0.000000",
					"y": "0.000000",
					"z": "0.000000"
				},
				"Position": {
					"x": "7.700000",
					"y": "-0.500000",
					"z": "0.000000"
				},
				"Mass": "10.900000",
				"Orientation": {
					"j": "0.000000",
					"r": "0.967283",
					"i": "-0.253702",
					"k": "0.000000"
				},
				"Acceleration": {
					"x": "0.000000",
					"y": "0.000000",
					"z": "0.000000"
				},
				"Elasticity": "0.500000",
				"Restitution": "0.350000",
				"InverseMass": "0.091743",
				"HasFiniteMass": "true",
				"ColliderType": "Capsule",
				"Damping": "0.750000",
				"AngularDamping": "0.400000",
				"Friction": "0.300000",
				"Scale": {
					"x": "0.598000",
					"y": "1.650000",
					"z": "0.598000"
				}
			}
		},
		"20": {
			"Type": "Capsule",
			"Capsule": {
				"ColliderState": "1",
				"AngularVelocity": {
					"x": "0.000000",
					"y": "0.000000",
					"z": "0.000000"
				},
				"Name": "Default Capsule",
				"RestingState": "false",
				"Velocity": {
					"x": "0.000000",
					"y": "0.000000",
					"z": "0.000000"
				},
				"Position": {
					"x": "3.600000",
					"y": "-3.300000",
					"z": "-3.200000"
				},
				"Mass": "10.900000",
				"Orientation": {
					"j": "0.196203",
					"r": "0.918662",
					"i": "-0.317009",
					"k": "0.130652"
				},
				"Acceleration": {
					"x": "0.000000",
					"y": "0.000000",
					"z": "0.000000"
				},
				"Elasticity": "0.500000",
				"Restitution": "0.350000",
				"InverseMass": "0.091743",
				"HasFiniteMass": "true",
				"ColliderType": "Capsule",
				"Damping": "0.750000",
				"AngularDamping": "0.400000",
				"Friction": "0.300000",
				"Scale": {
					"x": "0.468000",
					"y": "0.640000",
					"z": "0.468000"
				}
			}
		},
		"21": {
			"Type": "Capsule",
			"Capsule": {
				"ColliderState": "1",
				"AngularVelocity": {
					"x": "0.000000",
					"y": "0.000000",
					"z": "0.000000"
				},
				"Name": "Default Capsule",
				"RestingState": "false",
				"Velocity": {
					"x": "0.000000",
					"y": "0.000000",
					"z": "0.000000"
				},
				"Position": {
					"x": "4.300000",
					"y": "-0.100000",
					"z": "-5.400000"
				},
				"Mass": "10.900000",
				"Orientation": {
					"j": "-0.018997",
					"r": "0.686359",
					"i": "0.727015",
					"k": "0.000000"
				},
				"Acceleration": {
					"x": "0.000000",
					"y": "0.000000",
					"z": "0.000000"
				},
				"Elasticity": "0.500000",
				"Restitution": "0.350000",
				"InverseMass": "0.091743",
				"HasFiniteMass": "true",
				"ColliderType": "Capsule",
				"Damping": "0.750000",
				"AngularDamping": "0.400000",
				"Friction": "0.300000",
				"Scale": {
					"x": "0.650000",
					"y": "0.650000",
					"z": "0.650000"
				}
			}
		}
	},
	"Scenario_3": {
		"22": {
			"Type": "Cube",
			"Cube": {
				"ColliderState": "1",
				"AngularVelocity": {
					"x": "0.000000",
					"y": "0.000000",
					"z": "0.000000"
				},
				"Name": "Default Cube",
				"RestingState": "false",
				"Velocity": {
					"x": "0.000000",
					"y": "0.000000",
					"z": "0.000000"
				},
				"Position": {
					"x": "0.800000",
					"y": "-0.100000",
					"z": "11.000000"
				},
				"Mass": "10.000000",
				"Orientation": {
					"j": "0.000000",
					"r": "1.000000",
					"i": "0.000000",
					"k": "0.000000"
				},
				"Acceleration": {
					"x": "0.000000",
					"y": "0.000000",
					"z": "0.000000"
				},
				"Elasticity": "0.500000",
				"Restitution": "0.350000",
				"InverseMass": "0.100000",
				"HasFiniteMass": "true",
				"ColliderType": "Cube",
				"Damping": "0.750000",
				"AngularDamping": "0.400000",
				"Friction": "0.300000",
				"Scale": {
					"x": "18.000000",
					"y": "9.600000",
					"z": "3.100000"
				}
			}
		},
		"23": {
			"Type": "Cube",
			"Cube": {
				"ColliderState": "1",
				"AngularVelocity": {
					"x": "0.000000",
					"y": "0.000000",
					"z": "0.000000"
				},
				"Name": "Default Cube",
				"RestingState": "false",
				"Velocity": {
					"x": "0.000000",
					"y": "0.000000",
					"z": "0.000000"
				},
				"Position": {
					"x": "-7.200000",
					"y": "-0.300000",
					"z": "-1.600000"
				},
				"Mass": "10.000000",
				"Orientation": {
					"j": "0.000000",
					"r": "1.000000",
					"i": "0.000000",
					"k": "0.000000"
				},
				"Acceleration": {
					"x": "0.000000",
					"y": "0.000000",
					"z": "0.000000"
				},
				"Elasticity": "0.500000",
				"Restitution": "0.350000",
				"InverseMass": "0.100000",
				"HasFiniteMass": "true",
				"ColliderType": "Cube",
				"Damping": "0.750000",
				"AngularDamping": "0.400000",
				"Friction": "0.300000",
				"Scale": {
					"x": "1.900000",
					"y": "10.000000",
					"z": "22.100000"
				}
			}
		},
		"24": {
			"Type": "Cube",
			"Cube": {
				"ColliderState": "1",
				"AngularVelocity": {
					"x": "0.000000",
					"y": "0.000000",
					"z": "0.000000"
				},
				"Name": "Default Cube",
				"RestingState": "false",
				"Velocity": {
					"x": "0.000000",
					"y": "0.000000",
					"z": "0.000000"
				},
				"Position": {
					"x": "7.700000",
					"y": "0.000000",
					"z": "0.600000"
				},
				"Mass": "10.000000",
				"Orientation": {
					"j": "0.000000",
					"r": "1.000000",
					"i": "0.000000",
					"k": "0.000000"
				},
				"Acceleration": {
					"x": "0.000000",
					"y": "0.000000",
					"z": "0.000000"
				},
				"Elasticity": "0.500000",
				"Restitution": "0.350000",
				"InverseMass": "0.100000",
				"HasFiniteMass": "true",
				"ColliderType": "Cube",
				"Damping": "0.750000",
				"AngularDamping": "0.400000",
				"Friction": "0.300000",
				"Scale": {
					"x": "1.400000",
					"y": "10.200000",
					"z": "26.900000"
				}
			}
		},
		"25": {
			"Type": "Cube",
			"Cube": {
				"ColliderState": "1",
				"AngularVelocity": {
					"x": "0.000000",
					"y": "0.000000",
					"z": "0.000000"
				},
				"Name": "Default Cube",
				"RestingState": "false",
				"Velocity": {
					"x": "0.000000",
					"y": "0.000000",
					"z": "0.000000"
				},
				"Position": {
					"x": "0.000000",
					"y": "-5.600000",
					"z": "0.000000"
				},
				"Mass": "10.000000",
				"Orientation": {
					"j": "0.000000",
					"r": "1.000000",
					"i": "0.000000",
					"k": "0.000000"
				},
				"Acceleration": {
					"x": "0.000000",
					"y": "0.000000",
					"z": "0.000000"
				},
				"Elasticity": "0.500000",
				"Restitution": "0.350000",
				"InverseMass": "0.100000",
				"HasFiniteMass": "true",
				"ColliderType": "Cube",
				"Damping": "0.750000",
				"AngularDamping": "0.400000",
				"Friction": "0.300000",
				"Scale": {
					"x": "17.200001",
					"y": "1.200000",
					"z": "25.400000"
				}
			}
		},
		"26": {
			"Type": "Cube",
			"Cube": {
				"ColliderState": "1",
				"AngularVelocity": {
					"x": "0.000000",
					"y": "0.000000",
					"z": "0.000000"
				},
				"Name": "Default Cube",
				"RestingState": "false",
				"Velocity": {
					"x": "0.000000",
					"y": "0.000000",
					"z": "0.000000"
				},
				"Position": {
					"x": "0.300000",
					"y": "5.300000",
					"z": "0.000000"
				},
				"Mass": "10.000000",
				"Orientation": {
					"j": "0.000000",
					"r": "1.000000",
					"i": "0.000000",
					"k": "0.000000"
				},
				"Acceleration": {
					"x": "0.000000",
					"y": "0.000000",
					"z": "0.000000"
				},
				"Elasticity": "0.500000",
				"Restitution": "0.350000",
				"InverseMass": "0.100000",
				"HasFiniteMass": "true",
				"ColliderType": "Cube",
				"Damping": "0.750000",
				"AngularDamping": "0.400000",
				"Friction": "0.300000",
				"Scale": {
					"x": "16.600000",
					"y": "1.500000",
					"z": "26.000000"
				}
			}
		}
	},
	"Scenario_4": {
		"30": {
			"Type": "Cube",
			"Cube": {
				"ColliderState": "1",
				"AngularVelocity": {
					"x": "0.000000",
					"y": "0.000000",
					"z": "0.000000"
				},
				"Name": "Default Cube",
				"RestingState": "false",
				"Velocity": {
					"x": "0.000000",
					"y": "0.000000",
					"z": "0.000000"
				},
				"Position": {
					"x": "0.100000",
					"y": "6.600000",
					"z": "-7.200000"
				},
				"Mass": "10.000000",
				"Orientation": {
					"j": "0.000000",
					"r": "0.693741",
					"i": "0.720224",
					"k": "0.000000"
				},
				"Acceleration": {
					"x": "0.000000",
					"y": "0.000000",
					"z": "0.000000"
				},
				"Elasticity": "0.500000",
				"Restitution": "0.350000",
				"InverseMass": "0.100000",
				"HasFiniteMass": "true",
				"ColliderType": "Cube",
				"Damping": "0.750000",
				"AngularDamping": "0.400000",
				"Friction": "0.300000",
				"Scale": {
					"x": "25.100000",
					"y": "21.299999",
					"z": "2.000000"
				}
			}
		},
		"27": {
			"Type": "Cube",
			"Cube": {
				"ColliderState": "1",
				"AngularVelocity": {
					"x": "0.000000",
					"y": "0.000000",
					"z": "0.000000"
				},
				"Name": "Default Cube",
				"RestingState": "false",
				"Velocity": {
					"x": "0.000000",
					"y": "0.000000",
					"z": "0.000000"
				},
				"Position": {
					"x": "0.000000",
					"y": "0.000000",
					"z": "0.000000"
				},
				"Mass": "10.000000",
				"Orientation": {
					"j": "0.000000",
					"r": "1.000000",
					"i": "0.000000",
					"k": "0.000000"
				},
				"Acceleration": {
					"x": "0.000000",
					"y": "0.000000",
					"z": "0.000000"
				},
				"Elasticity": "0.500000",
				"Restitution": "0.350000",
				"InverseMass": "0.100000",
				"HasFiniteMass": "true",
				"ColliderType": "Cube",
				"Damping": "0.750000",
				"AngularDamping": "0.400000",
				"Friction": "0.300000",
				"Scale": {
					"x": "20.799999",
					"y": "12.000000",
					"z": "-1.600000"
				}
			}
		},
		"28": {
			"Type": "Cube",
			"Cube": {
				"ColliderState": "1",
				"AngularVelocity": {
					"x": "0.000000",
					"y": "0.000000",
					"z": "0.000000"
				},
				"Name": "Default Cube",
				"RestingState": "false",
				"Velocity": {
					"x": "0.000000",
					"y": "0.000000",
					"z": "0.000000"
				},
				"Position": {
					"x": "-10.600000",
					"y": "0.000000",
					"z": "-8.600000"
				},
				"Mass": "10.000000",
				"Orientation": {
					"j": "0.000000",
					"r": "1.000000",
					"i": "0.000000",
					"k": "0.000000"
				},
				"Acceleration": {
					"x": "0.000000",
					"y": "0.000000",
					"z": "0.000000"
				},
				"Elasticity": "0.500000",
				"Restitution": "0.350000",
				"InverseMass": "0.100000",
				"HasFiniteMass": "true",
				"ColliderType": "Cube",
				"Damping": "0.750000",
				"AngularDamping": "0.400000",
				"Friction": "0.300000",
				"Scale": {
					"x": "1.400000",
					"y": "12.100000",
					"z": "16.600000"
				}
			}
		},
		"29": {
			"Type": "Cube",
			"Cube": {
				"ColliderState": "1",
				"AngularVelocity": {
					"x": "0.000000",
					"y": "0.000000",
					"z": "0.000000"
				},
				"Name": "Default Cube",
				"RestingState": "false",
				"Velocity": {
					"x": "0.000000",
					"y": "0.000000",
					"z": "0.000000"
				},
				"Position": {
					"x": "10.200000",
					"y": "0.000000",
					"z": "-9.200000"
				},
				"Mass": "10.000000",
				"Orientation": {
					"j": "0.000000",
					"r": "1.000000",
					"i": "0.000000",
					"k": "0.000000"
				},
				"Acceleration": {
					"x": "0.000000",
					"y": "0.000000",
					"z": "0.000000"
				},
				"Elasticity": "0.500000",
				"Restitution": "0.350000",
				"InverseMass": "0.100000",
				"HasFiniteMass": "true",
				"ColliderType": "Cube",
				"Damping": "0.750000",
				"AngularDamping": "0.400000",
				"Friction": "0.300000",
				"Scale": {
					"x": "1.600000",
					"y": "12.000000",
					"z": "17.400000"
				}
			}
		},
		"31": {
			"Type": "Cube",
			"Cube": {
				"ColliderState": "1",
				"AngularVelocity": {
					"x": "0.000000",
					"y": "0.000000",
					"z": "0.000000"
				},
				"Name": "Default Cube",
				"RestingState": "false",
				"Velocity": {
					"x": "0.000000",
					"y": "0.000000",
					"z": "0.000000"
				},
				"Position": {
					"x": "0.000000",
					"y": "-6.400000",
					"z": "0.000000"
				},
				"Mass": "10.000000",
				"Orientation": {
					"j": "0.000000",
					"r": "0.709183",
					"i": "0.000000",
					"k": "0.705024"
				},
				"Acceleration": {
					"x": "0.000000",
					"y": "0.000000",
					"z": "0.000000"
				},
				"Elasticity": "0.500000",
				"Restitution": "0.350000",
				"InverseMass": "0.100000",
				"HasFiniteMass": "true",
				"ColliderType": "Cube",
				"Damping": "0.750000",
				"AngularDamping": "0.400000",
				"Friction": "0.300000",
				"Scale": {
					"x": "1.200000",
					"y": "22.100000",
					"z": "35.400002"
				}
			}
		}
	}
}
