{
	"test ": {
		"1": {
			"Type": "Cube",
			"Cube": {
				"AngularVelocity": {
					"x": "0.000000",
					"y": "0.000000",
					"z": "0.000000"
				},
				"ColliderState": "1",
				"Name": "",
				"Velocity": {
					"x": "0.000000",
					"y": "0.000000",
					"z": "0.000000"
				},
				"RestingState": "false",
				"Platform": "false",
				"Position": {
					"x": "-9.900000",
					"y": "0.000000",
					"z": "0.000000"
				},
				"Mass": "10.000000",
				"Orientation": {
					"r": "1.000000",
					"j": "0.000000",
					"i": "0.000000",
					"k": "0.000000"
				},
				"Acceleration": {
					"x": "0.000000",
					"y": "0.000000",
					"z": "0.000000"
				},
				"Elasticity": "0.500000",
				"InverseMass": "0.100000",
				"Restitution": "0.350000",
				"HasFiniteMass": "true",
				"Damping": "0.750000",
				"ColliderType": "Cube",
				"AngularDamping": "0.400000",
				"Friction": "0.300000",
				"Scale": {
					"x": "1.000000",
					"y": "1.000000",
					"z": "1.000000"
				}
			}
		},
		"2": {
			"Type": "Cube",
			"Cube": {
				"AngularVelocity": {
					"x": "0.000000",
					"y": "0.000000",
					"z": "0.000000"
				},
				"ColliderState": "1",
				"Name": "",
				"Velocity": {
					"x": "0.000000",
					"y": "0.000000",
					"z": "0.000000"
				},
				"RestingState": "false",
				"Platform": "false",
				"Position": {
					"x": "11.900000",
					"y": "0.000000",
					"z": "0.000000"
				},
				"Mass": "10.000000",
				"Orientation": {
					"r": "1.000000",
					"j": "0.000000",
					"i": "0.000000",
					"k": "0.000000"
				},
				"Acceleration": {
					"x": "0.000000",
					"y": "0.000000",
					"z": "0.000000"
				},
				"Elasticity": "0.500000",
				"InverseMass": "0.100000",
				"Restitution": "0.350000",
				"HasFiniteMass": "true",
				"Damping": "0.750000",
				"ColliderType": "Cube",
				"AngularDamping": "0.400000",
				"Friction": "0.300000",
				"Scale": {
					"x": "1.000000",
					"y": "1.000000",
					"z": "1.000000"
				}
			}
		}
	},
	"cube vs sphereaa": {
		"3": {
			"Type": "Cube",
			"Cube": {
				"AngularVelocity": {
					"x": "0.000000",
					"y": "0.000000",
					"z": "0.000000"
				},
				"ColliderState": "1",
				"Name": "cube 1",
				"Velocity": {
					"x": "0.000000",
					"y": "0.000000",
					"z": "0.000000"
				},
				"RestingState": "false",
				"Platform": "false",
				"Position": {
					"x": "-8.500000",
					"y": "0.000000",
					"z": "0.000000"
				},
				"Mass": "10.000000",
				"Orientation": {
					"r": "1.000000",
					"j": "0.000000",
					"i": "0.000000",
					"k": "0.000000"
				},
				"Acceleration": {
					"x": "0.000000",
					"y": "0.000000",
					"z": "0.000000"
				},
				"Elasticity": "0.500000",
				"InverseMass": "0.100000",
				"Restitution": "0.350000",
				"HasFiniteMass": "true",
				"Damping": "0.750000",
				"ColliderType": "Cube",
				"AngularDamping": "0.400000",
				"Friction": "0.300000",
				"Scale": {
					"x": "1.000000",
					"y": "1.000000",
					"z": "1.000000"
				}
			}
		},
		"4": {
			"Type": "Cube",
			"Cube": {
				"AngularVelocity": {
					"x": "0.000000",
					"y": "0.000000",
					"z": "0.000000"
				},
				"ColliderState": "1",
				"Name": "cube 2",
				"Velocity": {
					"x": "0.000000",
					"y": "0.000000",
					"z": "0.000000"
				},
				"RestingState": "false",
				"Platform": "false",
				"Position": {
					"x": "10.719000",
					"y": "0.000000",
					"z": "0.000000"
				},
				"Mass": "10.000000",
				"Orientation": {
					"r": "1.000000",
					"j": "0.000000",
					"i": "0.000000",
					"k": "0.000000"
				},
				"Acceleration": {
					"x": "0.000000",
					"y": "0.000000",
					"z": "0.000000"
				},
				"Elasticity": "0.500000",
				"InverseMass": "0.100000",
				"Restitution": "0.350000",
				"HasFiniteMass": "true",
				"Damping": "0.750000",
				"ColliderType": "Cube",
				"AngularDamping": "0.400000",
				"Friction": "0.300000",
				"Scale": {
					"x": "1.000000",
					"y": "1.000000",
					"z": "1.000000"
				}
			}
		},
		"5": {
			"Type": "Cube",
			"Cube": {
				"AngularVelocity": {
					"x": "0.000000",
					"y": "0.000000",
					"z": "0.000000"
				},
				"ColliderState": "1",
				"Name": "platform",
				"Velocity": {
					"x": "0.000000",
					"y": "0.000000",
					"z": "0.000000"
				},
				"RestingState": "false",
				"Platform": "false",
				"Position": {
					"x": "0.000000",
					"y": "-3.100000",
					"z": "0.000000"
				},
				"Mass": "10.000000",
				"Orientation": {
					"r": "1.000000",
					"j": "0.000000",
					"i": "0.000000",
					"k": "0.000000"
				},
				"Acceleration": {
					"x": "0.000000",
					"y": "0.000000",
					"z": "0.000000"
				},
				"Elasticity": "0.500000",
				"InverseMass": "0.100000",
				"Restitution": "0.350000",
				"HasFiniteMass": "true",
				"Damping": "0.750000",
				"ColliderType": "Cube",
				"AngularDamping": "0.400000",
				"Friction": "0.300000",
				"Scale": {
					"x": "34.099998",
					"y": "1.000000",
					"z": "27.200001"
				}
			}
		}
	},
	"Scenario_1": {
		"10": {
			"Type": "Cube",
			"Cube": {
				"AngularVelocity": {
					"x": "0.000000",
					"y": "0.000000",
					"z": "0.000000"
				},
				"ColliderState": "1",
				"Name": "",
				"Velocity": {
					"x": "0.000000",
					"y": "0.000000",
					"z": "0.000000"
				},
				"RestingState": "false",
				"Platform": "false",
				"Position": {
					"x": "-49.700001",
					"y": "-0.200000",
					"z": "0.000000"
				},
				"Mass": "10.000000",
				"Orientation": {
					"r": "1.000000",
					"j": "0.000000",
					"i": "0.000000",
					"k": "0.000000"
				},
				"Acceleration": {
					"x": "0.000000",
					"y": "0.000000",
					"z": "0.000000"
				},
				"Elasticity": "0.500000",
				"InverseMass": "0.100000",
				"Restitution": "0.350000",
				"HasFiniteMass": "true",
				"Damping": "0.750000",
				"ColliderType": "Cube",
				"AngularDamping": "0.400000",
				"Friction": "0.300000",
				"Scale": {
					"x": "0.900000",
					"y": "7.800000",
					"z": "9.400000"
				}
			}
		},
		"11": {
			"Type": "Cube",
			"Cube": {
				"AngularVelocity": {
					"x": "0.000000",
					"y": "0.000000",
					"z": "0.000000"
				},
				"ColliderState": "1",
				"Name": "",
				"Velocity": {
					"x": "0.000000",
					"y": "0.000000",
					"z": "0.000000"
				},
				"RestingState": "false",
				"Platform": "false",
				"Position": {
					"x": "4.400000",
					"y": "-8.800000",
					"z": "0.800000"
				},
				"Mass": "10.000000",
				"Orientation": {
					"r": "1.000000",
					"j": "0.000000",
					"i": "0.000000",
					"k": "0.000000"
				},
				"Acceleration": {
					"x": "0.000000",
					"y": "0.000000",
					"z": "0.000000"
				},
				"Elasticity": "0.500000",
				"InverseMass": "0.100000",
				"Restitution": "0.350000",
				"HasFiniteMass": "true",
				"Damping": "0.750000",
				"ColliderType": "Cube",
				"AngularDamping": "0.400000",
				"Friction": "0.300000",
				"Scale": {
					"x": "45.299999",
					"y": "2.800000",
					"z": "26.500000"
				}
			}
		},
		"12": {
			"Type": "Cube",
			"Cube": {
				"AngularVelocity": {
					"x": "0.000000",
					"y": "0.000000",
					"z": "0.000000"
				},
				"ColliderState": "1",
				"Name": "",
				"Velocity": {
					"x": "0.000000",
					"y": "0.000000",
					"z": "0.000000"
				},
				"RestingState": "false",
				"Platform": "false",
				"Position": {
					"x": "5.400000",
					"y": "24.799999",
					"z": "2.400000"
				},
				"Mass": "10.000000",
				"Orientation": {
					"r": "1.000000",
					"j": "0.000000",
					"i": "0.000000",
					"k": "0.000000"
				},
				"Acceleration": {
					"x": "0.000000",
					"y": "0.000000",
					"z": "0.000000"
				},
				"Elasticity": "0.500000",
				"InverseMass": "0.100000",
				"Restitution": "0.350000",
				"HasFiniteMass": "true",
				"Damping": "0.750000",
				"ColliderType": "Cube",
				"AngularDamping": "0.400000",
				"Friction": "0.300000",
				"Scale": {
					"x": "11.800000",
					"y": "8.000000",
					"z": "-1.100000"
				}
			}
		},
		"13": {
			"Type": "Cube",
			"Cube": {
				"AngularVelocity": {
					"x": "0.000000",
					"y": "0.000000",
					"z": "0.000000"
				},
				"ColliderState": "1",
				"Name": "",
				"Velocity": {
					"x": "0.000000",
					"y": "0.000000",
					"z": "0.000000"
				},
				"RestingState": "false",
				"Platform": "false",
				"Position": {
					"x": "9.400000",
					"y": "-3.500000",
					"z": "-80.300003"
				},
				"Mass": "10.000000",
				"Orientation": {
					"r": "0.704212",
					"j": "0.709990",
					"i": "0.000000",
					"k": "0.000000"
				},
				"Acceleration": {
					"x": "0.000000",
					"y": "0.000000",
					"z": "0.000000"
				},
				"Elasticity": "0.500000",
				"InverseMass": "0.100000",
				"Restitution": "0.350000",
				"HasFiniteMass": "true",
				"Damping": "0.750000",
				"ColliderType": "Cube",
				"AngularDamping": "0.400000",
				"Friction": "0.300000",
				"Scale": {
					"x": "9.800000",
					"y": "7.500000",
					"z": "0.900000"
				}
			}
		},
		"14": {
			"Type": "Sphere",
			"Sphere": {
				"AngularVelocity": {
					"x": "0.000000",
					"y": "0.000000",
					"z": "0.000000"
				},
				"ColliderState": "1",
				"Name": "",
				"Velocity": {
					"x": "0.000000",
					"y": "0.000000",
					"z": "0.000000"
				},
				"RestingState": "false",
				"Platform": "false",
				"Position": {
					"x": "4.200000",
					"y": "-1.900000",
					"z": "0.000000"
				},
				"Mass": "10.000000",
				"Orientation": {
					"r": "1.000000",
					"j": "0.000000",
					"i": "0.000000",
					"k": "0.000000"
				},
				"Acceleration": {
					"x": "0.000000",
					"y": "0.000000",
					"z": "0.000000"
				},
				"Elasticity": "0.500000",
				"InverseMass": "0.100000",
				"Restitution": "0.350000",
				"HasFiniteMass": "true",
				"Damping": "0.750000",
				"ColliderType": "Sphere",
				"AngularDamping": "0.400000",
				"Friction": "0.300000",
				"Scale": {
					"x": "0.480000",
					"y": "0.480000",
					"z": "0.480000"
				},
				"Radius": "0.480000"
			}
		},
		"15": {
			"Type": "Sphere",
			"Sphere": {
				"AngularVelocity": {
					"x": "0.000000",
					"y": "0.000000",
					"z": "0.000000"
				},
				"ColliderState": "1",
				"Name": "",
				"Velocity": {
					"x": "0.000000",
					"y": "0.000000",
					"z": "0.000000"
				},
				"RestingState": "false",
				"Platform": "false",
				"Position": {
					"x": "6.700000",
					"y": "-2.300000",
					"z": "-6.500000"
				},
				"Mass": "10.000000",
				"Orientation": {
					"r": "1.000000",
					"j": "0.000000",
					"i": "0.000000",
					"k": "0.000000"
				},
				"Acceleration": {
					"x": "0.000000",
					"y": "0.000000",
					"z": "0.000000"
				},
				"Elasticity": "0.500000",
				"InverseMass": "0.100000",
				"Restitution": "0.350000",
				"HasFiniteMass": "true",
				"Damping": "0.750000",
				"ColliderType": "Sphere",
				"AngularDamping": "0.400000",
				"Friction": "0.300000",
				"Scale": {
					"x": "0.620000",
					"y": "0.620000",
					"z": "0.620000"
				},
				"Radius": "0.620000"
			}
		},
		"16": {
			"Type": "Sphere",
			"Sphere": {
				"AngularVelocity": {
					"x": "0.000000",
					"y": "0.000000",
					"z": "0.000000"
				},
				"ColliderState": "1",
				"Name": "",
				"Velocity": {
					"x": "0.000000",
					"y": "0.000000",
					"z": "0.000000"
				},
				"RestingState": "false",
				"Platform": "false",
				"Position": {
					"x": "1.000000",
					"y": "-2.600000",
					"z": "-4.000000"
				},
				"Mass": "10.000000",
				"Orientation": {
					"r": "1.000000",
					"j": "0.000000",
					"i": "0.000000",
					"k": "0.000000"
				},
				"Acceleration": {
					"x": "0.000000",
					"y": "0.000000",
					"z": "0.000000"
				},
				"Elasticity": "0.500000",
				"InverseMass": "0.100000",
				"Restitution": "0.350000",
				"HasFiniteMass": "true",
				"Damping": "0.750000",
				"ColliderType": "Sphere",
				"AngularDamping": "0.400000",
				"Friction": "0.300000",
				"Scale": {
					"x": "1.000000",
					"y": "1.000000",
					"z": "1.000000"
				},
				"Radius": "1.000000"
			}
		},
		"17": {
			"Type": "Sphere",
			"Sphere": {
				"AngularVelocity": {
					"x": "0.000000",
					"y": "0.000000",
					"z": "0.000000"
				},
				"ColliderState": "1",
				"Name": "",
				"Velocity": {
					"x": "0.000000",
					"y": "0.000000",
					"z": "0.000000"
				},
				"RestingState": "false",
				"Platform": "false",
				"Position": {
					"x": "1.400000",
					"y": "32.200001",
					"z": "0.000000"
				},
				"Mass": "10.000000",
				"Orientation": {
					"r": "1.000000",
					"j": "0.000000",
					"i": "0.000000",
					"k": "0.000000"
				},
				"Acceleration": {
					"x": "0.000000",
					"y": "0.000000",
					"z": "0.000000"
				},
				"Elasticity": "0.500000",
				"InverseMass": "0.100000",
				"Restitution": "0.350000",
				"HasFiniteMass": "true",
				"Damping": "0.750000",
				"ColliderType": "Sphere",
				"AngularDamping": "0.400000",
				"Friction": "0.300000",
				"Scale": {
					"x": "1.000000",
					"y": "1.000000",
					"z": "1.000000"
				},
				"Radius": "1.000000"
			}
		},
		"18": {
			"Type": "Sphere",
			"Sphere": {
				"AngularVelocity": {
					"x": "0.000000",
					"y": "0.000000",
					"z": "0.000000"
				},
				"ColliderState": "1",
				"Name": "",
				"Velocity": {
					"x": "0.000000",
					"y": "0.000000",
					"z": "0.000000"
				},
				"RestingState": "false",
				"Platform": "false",
				"Position": {
					"x": "2.100000",
					"y": "-0.600000",
					"z": "-2.000000"
				},
				"Mass": "10.000000",
				"Orientation": {
					"r": "1.000000",
					"j": "0.000000",
					"i": "0.000000",
					"k": "0.000000"
				},
				"Acceleration": {
					"x": "0.000000",
					"y": "0.000000",
					"z": "0.000000"
				},
				"Elasticity": "0.500000",
				"InverseMass": "0.100000",
				"Restitution": "0.350000",
				"HasFiniteMass": "true",
				"Damping": "0.750000",
				"ColliderType": "Sphere",
				"AngularDamping": "0.400000",
				"Friction": "0.300000",
				"Scale": {
					"x": "0.560000",
					"y": "0.560000",
					"z": "0.560000"
				},
				"Radius": "0.560000"
			}
		},
		"19": {
			"Type": "Sphere",
			"Sphere": {
				"AngularVelocity": {
					"x": "0.000000",
					"y": "0.000000",
					"z": "0.000000"
				},
				"ColliderState": "1",
				"Name": "sphere 1",
				"Velocity": {
					"x": "0.000000",
					"y": "0.000000",
					"z": "0.000000"
				},
				"RestingState": "false",
				"Platform": "false",
				"Position": {
					"x": "9.100000",
					"y": "-3.200000",
					"z": "-7.400000"
				},
				"Mass": "10.000000",
				"Orientation": {
					"r": "1.000000",
					"j": "0.000000",
					"i": "0.000000",
					"k": "0.000000"
				},
				"Acceleration": {
					"x": "0.000000",
					"y": "0.000000",
					"z": "0.000000"
				},
				"Elasticity": "0.500000",
				"InverseMass": "0.100000",
				"Restitution": "0.350000",
				"HasFiniteMass": "true",
				"Damping": "0.750000",
				"ColliderType": "Sphere",
				"AngularDamping": "0.400000",
				"Friction": "0.300000",
				"Scale": {
					"x": "1.000000",
					"y": "1.000000",
					"z": "1.000000"
				},
				"Radius": "1.000000"
			}
		},
		"20": {
			"Type": "Sphere",
			"Sphere": {
				"AngularVelocity": {
					"x": "0.000000",
					"y": "0.000000",
					"z": "0.000000"
				},
				"ColliderState": "1",
				"Name": "ball 2",
				"Velocity": {
					"x": "0.000000",
					"y": "0.000000",
					"z": "0.000000"
				},
				"RestingState": "false",
				"Platform": "false",
				"Position": {
					"x": "0.000000",
					"y": "-4.300000",
					"z": "-8.100000"
				},
				"Mass": "10.000000",
				"Orientation": {
					"r": "1.000000",
					"j": "0.000000",
					"i": "0.000000",
					"k": "0.000000"
				},
				"Acceleration": {
					"x": "0.000000",
					"y": "0.000000",
					"z": "0.000000"
				},
				"Elasticity": "0.500000",
				"InverseMass": "0.100000",
				"Restitution": "0.350000",
				"HasFiniteMass": "true",
				"Damping": "0.750000",
				"ColliderType": "Sphere",
				"AngularDamping": "0.400000",
				"Friction": "0.300000",
				"Scale": {
					"x": "1.380000",
					"y": "1.380000",
					"z": "1.380000"
				},
				"Radius": "1.380000"
			}
		},
		"21": {
			"Type": "Sphere",
			"Sphere": {
				"AngularVelocity": {
					"x": "0.000000",
					"y": "0.000000",
					"z": "0.000000"
				},
				"ColliderState": "1",
				"Name": "ball 3",
				"Velocity": {
					"x": "0.000000",
					"y": "0.000000",
					"z": "0.000000"
				},
				"RestingState": "false",
				"Platform": "false",
				"Position": {
					"x": "15.900000",
					"y": "-1.500000",
					"z": "-8.000000"
				},
				"Mass": "10.000000",
				"Orientation": {
					"r": "1.000000",
					"j": "0.000000",
					"i": "0.000000",
					"k": "0.000000"
				},
				"Acceleration": {
					"x": "0.000000",
					"y": "0.000000",
					"z": "0.000000"
				},
				"Elasticity": "0.500000",
				"InverseMass": "0.100000",
				"Restitution": "0.350000",
				"HasFiniteMass": "true",
				"Damping": "0.750000",
				"ColliderType": "Sphere",
				"AngularDamping": "0.400000",
				"Friction": "0.300000",
				"Scale": {
					"x": "1.450000",
					"y": "1.450000",
					"z": "1.450000"
				},
				"Radius": "1.450000"
			}
		},
		"22": {
			"Type": "Sphere",
			"Sphere": {
				"AngularVelocity": {
					"x": "0.000000",
					"y": "0.000000",
					"z": "0.000000"
				},
				"ColliderState": "1",
				"Name": "ball 4",
				"Velocity": {
					"x": "0.000000",
					"y": "0.000000",
					"z": "0.000000"
				},
				"RestingState": "false",
				"Platform": "false",
				"Position": {
					"x": "10.300000",
					"y": "-2.100000",
					"z": "4.100000"
				},
				"Mass": "10.000000",
				"Orientation": {
					"r": "1.000000",
					"j": "0.000000",
					"i": "0.000000",
					"k": "0.000000"
				},
				"Acceleration": {
					"x": "0.000000",
					"y": "0.000000",
					"z": "0.000000"
				},
				"Elasticity": "0.500000",
				"InverseMass": "0.100000",
				"Restitution": "0.350000",
				"HasFiniteMass": "true",
				"Damping": "0.750000",
				"ColliderType": "Sphere",
				"AngularDamping": "0.400000",
				"Friction": "0.300000",
				"Scale": {
					"x": "1.530000",
					"y": "1.530000",
					"z": "1.530000"
				},
				"Radius": "1.530000"
			}
		},
		"23": {
			"Type": "Sphere",
			"Sphere": {
				"AngularVelocity": {
					"x": "0.000000",
					"y": "0.000000",
					"z": "0.000000"
				},
				"ColliderState": "1",
				"Name": "ball5",
				"Velocity": {
					"x": "0.000000",
					"y": "0.000000",
					"z": "0.000000"
				},
				"RestingState": "false",
				"Platform": "false",
				"Position": {
					"x": "26.500000",
					"y": "-0.800000",
					"z": "0.600000"
				},
				"Mass": "10.000000",
				"Orientation": {
					"r": "1.000000",
					"j": "0.000000",
					"i": "0.000000",
					"k": "0.000000"
				},
				"Acceleration": {
					"x": "0.000000",
					"y": "0.000000",
					"z": "0.000000"
				},
				"Elasticity": "0.500000",
				"InverseMass": "0.100000",
				"Restitution": "0.350000",
				"HasFiniteMass": "true",
				"Damping": "0.750000",
				"ColliderType": "Sphere",
				"AngularDamping": "0.400000",
				"Friction": "0.300000",
				"Scale": {
					"x": "1.920000",
					"y": "1.920000",
					"z": "1.920000"
				},
				"Radius": "1.920000"
			}
		}
	},
	"sphere vs cylinder": {
		"6": {
			"Type": "Cube",
			"Cube": {
				"AngularVelocity": {
					"x": "0.000000",
					"y": "0.000000",
					"z": "0.000000"
				},
				"ColliderState": "1",
				"Name": "platform",
				"Velocity": {
					"x": "0.000000",
					"y": "0.000000",
					"z": "0.000000"
				},
				"RestingState": "false",
				"Platform": "false",
				"Position": {
					"x": "0.000000",
					"y": "-1.100000",
					"z": "0.000000"
				},
				"Mass": "10.000000",
				"Orientation": {
					"r": "1.000000",
					"j": "0.000000",
					"i": "0.000000",
					"k": "0.000000"
				},
				"Acceleration": {
					"x": "0.000000",
					"y": "0.000000",
					"z": "0.000000"
				},
				"Elasticity": "0.500000",
				"InverseMass": "0.100000",
				"Restitution": "0.350000",
				"HasFiniteMass": "true",
				"Damping": "0.750000",
				"ColliderType": "Cube",
				"AngularDamping": "0.400000",
				"Friction": "0.300000",
				"Scale": {
					"x": "30.299999",
					"y": "1.200000",
					"z": "23.600000"
				}
			}
		},
		"7": {
			"Type": "Capsule",
			"Capsule": {
				"AngularVelocity": {
					"x": "0.000000",
					"y": "0.000000",
					"z": "0.000000"
				},
				"ColliderState": "1",
				"Name": "capsule 1",
				"Velocity": {
					"x": "0.000000",
					"y": "0.000000",
					"z": "0.000000"
				},
				"RestingState": "false",
				"Platform": "false",
				"Position": {
					"x": "-5.900000",
					"y": "1.900000",
					"z": "0.000000"
				},
				"Mass": "10.000000",
				"Orientation": {
					"r": "1.000000",
					"j": "0.000000",
					"i": "0.000000",
					"k": "0.000000"
				},
				"Acceleration": {
					"x": "0.000000",
					"y": "0.000000",
					"z": "0.000000"
				},
				"Elasticity": "0.500000",
				"InverseMass": "0.100000",
				"Restitution": "0.350000",
				"HasFiniteMass": "true",
				"Damping": "0.750000",
				"ColliderType": "Capsule",
				"AngularDamping": "0.400000",
				"Friction": "0.300000",
				"Scale": {
					"x": "1.183000",
					"y": "1.370000",
					"z": "1.183000"
				},
				"Radius": "0.910000",
				"Height": "1.370000"
			}
		},
		"8": {
			"Type": "Sphere",
			"Sphere": {
				"AngularVelocity": {
					"x": "0.000000",
					"y": "0.000000",
					"z": "0.000000"
				},
				"ColliderState": "1",
				"Name": "ball2",
				"Velocity": {
					"x": "0.000000",
					"y": "0.000000",
					"z": "0.000000"
				},
				"RestingState": "false",
				"Platform": "false",
				"Position": {
					"x": "4.700000",
					"y": "49.900002",
					"z": "0.000000"
				},
				"Mass": "10.000000",
				"Orientation": {
					"r": "1.000000",
					"j": "0.000000",
					"i": "0.000000",
					"k": "0.000000"
				},
				"Acceleration": {
					"x": "0.000000",
					"y": "0.000000",
					"z": "0.000000"
				},
				"Elasticity": "0.500000",
				"InverseMass": "0.100000",
				"Restitution": "0.350000",
				"HasFiniteMass": "true",
				"Damping": "0.750000",
				"ColliderType": "Sphere",
				"AngularDamping": "0.400000",
				"Friction": "0.300000",
				"Scale": {
					"x": "1.000000",
					"y": "1.000000",
					"z": "1.000000"
				},
				"Radius": "1.000000"
			}
		},
		"9": {
			"Type": "Capsule",
			"Capsule": {
				"AngularVelocity": {
					"x": "0.000000",
					"y": "0.000000",
					"z": "0.000000"
				},
				"ColliderState": "1",
				"Name": "capsule 2",
				"Velocity": {
					"x": "0.000000",
					"y": "0.000000",
					"z": "0.000000"
				},
				"RestingState": "false",
				"Platform": "false",
				"Position": {
					"x": "8.000000",
					"y": "2.600000",
					"z": "0.000000"
				},
				"Mass": "10.000000",
				"Orientation": {
					"r": "1.000000",
					"j": "0.000000",
					"i": "0.000000",
					"k": "0.000000"
				},
				"Acceleration": {
					"x": "0.000000",
					"y": "0.000000",
					"z": "0.000000"
				},
				"Elasticity": "0.500000",
				"InverseMass": "0.100000",
				"Restitution": "0.350000",
				"HasFiniteMass": "true",
				"Damping": "0.750000",
				"ColliderType": "Capsule",
				"AngularDamping": "0.400000",
				"Friction": "0.300000",
				"Scale": {
					"x": "1.417000",
					"y": "1.590000",
					"z": "1.417000"
				},
				"Radius": "1.090000",
				"Height": "1.590000"
			}
		}
	},
	"cube vs sphere": {
		"24": {
			"Type": "Cube",
			"Cube": {
				"AngularVelocity": {
					"x": "0.000000",
					"y": "0.000000",
					"z": "0.000000"
				},
				"ColliderState": "1",
				"Name": "",
				"Velocity": {
					"x": "0.000000",
					"y": "0.000000",
					"z": "0.000000"
				},
				"RestingState": "false",
				"Platform": "false",
				"Position": {
					"x": "-9.405000",
					"y": "0.000000",
					"z": "0.000000"
				},
				"Mass": "10.000000",
				"Orientation": {
					"r": "1.000000",
					"j": "0.000000",
					"i": "0.000000",
					"k": "0.000000"
				},
				"Acceleration": {
					"x": "0.000000",
					"y": "0.000000",
					"z": "0.000000"
				},
				"Elasticity": "0.500000",
				"InverseMass": "0.100000",
				"Restitution": "0.350000",
				"HasFiniteMass": "true",
				"Damping": "0.750000",
				"ColliderType": "Cube",
				"AngularDamping": "0.400000",
				"Friction": "0.300000",
				"Scale": {
					"x": "1.000000",
					"y": "1.000000",
					"z": "1.000000"
				}
			}
		},
		"25": {
			"Type": "Cube",
			"Cube": {
				"AngularVelocity": {
					"x": "0.000000",
					"y": "0.000000",
					"z": "0.000000"
				},
				"ColliderState": "1",
				"Name": "",
				"Velocity": {
					"x": "0.000000",
					"y": "0.000000",
					"z": "0.000000"
				},
				"RestingState": "false",
				"Platform": "false",
				"Position": {
					"x": "-2.514698",
					"y": "-13.200000",
					"z": "0.000000"
				},
				"Mass": "10.000000",
				"Orientation": {
					"r": "1.000000",
					"j": "0.000000",
					"i": "0.000000",
					"k": "0.000000"
				},
				"Acceleration": {
					"x": "0.000000",
					"y": "0.000000",
					"z": "0.000000"
				},
				"Elasticity": "0.500000",
				"InverseMass": "0.100000",
				"Restitution": "0.350000",
				"HasFiniteMass": "true",
				"Damping": "0.750000",
				"ColliderType": "Cube",
				"AngularDamping": "0.400000",
				"Friction": "0.300000",
				"Scale": {
					"x": "51.000000",
					"y": "14.100000",
					"z": "59.000000"
				}
			}
		}
	},
	"Scenario_3": {
		"31": {
			"Type": "Cube",
			"Cube": {
				"AngularVelocity": {
					"x": "0.000000",
					"y": "0.000000",
					"z": "0.000000"
				},
				"ColliderState": "1",
				"Name": "idk",
				"Velocity": {
					"x": "0.000000",
					"y": "0.000000",
					"z": "0.000000"
				},
				"RestingState": "false",
				"Platform": "false",
				"Position": {
					"x": "-8.400000",
					"y": "-13.800000",
					"z": "0.000000"
				},
				"Mass": "10.000000",
				"Orientation": {
					"r": "1.000000",
					"j": "0.000000",
					"i": "0.000000",
					"k": "0.000000"
				},
				"Acceleration": {
					"x": "0.000000",
					"y": "0.000000",
					"z": "0.000000"
				},
				"Elasticity": "0.500000",
				"InverseMass": "0.100000",
				"Restitution": "0.350000",
				"HasFiniteMass": "true",
				"Damping": "0.750000",
				"ColliderType": "Cube",
				"AngularDamping": "0.400000",
				"Friction": "0.300000",
				"Scale": {
					"x": "17.200001",
					"y": "1.200000",
					"z": "25.400000"
				}
			}
		},
		"26": {
			"Type": "Cube",
			"Cube": {
				"AngularVelocity": {
					"x": "0.000000",
					"y": "0.000000",
					"z": "0.000000"
				},
				"ColliderState": "1",
				"Name": "name 1",
				"Velocity": {
					"x": "0.000000",
					"y": "0.000000",
					"z": "0.000000"
				},
				"RestingState": "false",
				"Platform": "false",
				"Position": {
					"x": "0.200000",
					"y": "4.400000",
					"z": "11.400000"
				},
				"Mass": "10.000000",
				"Orientation": {
					"r": "1.000000",
					"j": "0.000000",
					"i": "0.000000",
					"k": "0.000000"
				},
				"Acceleration": {
					"x": "0.000000",
					"y": "0.000000",
					"z": "0.000000"
				},
				"Elasticity": "0.500000",
				"InverseMass": "0.100000",
				"Restitution": "0.350000",
				"HasFiniteMass": "true",
				"Damping": "0.750000",
				"ColliderType": "Cube",
				"AngularDamping": "0.400000",
				"Friction": "0.300000",
				"Scale": {
					"x": "18.000000",
					"y": "9.600000",
					"z": "3.100000"
				}
			}
		},
		"30": {
			"Type": "Cube",
			"Cube": {
				"AngularVelocity": {
					"x": "0.000000",
					"y": "0.000000",
					"z": "0.000000"
				},
				"ColliderState": "1",
				"Name": "top",
				"Velocity": {
					"x": "0.000000",
					"y": "0.000000",
					"z": "0.000000"
				},
				"RestingState": "false",
				"Platform": "false",
				"Position": {
					"x": "0.900000",
					"y": "9.600000",
					"z": "0.000000"
				},
				"Mass": "10.000000",
				"Orientation": {
					"r": "1.000000",
					"j": "0.000000",
					"i": "0.000000",
					"k": "0.000000"
				},
				"Acceleration": {
					"x": "0.000000",
					"y": "0.000000",
					"z": "0.000000"
				},
				"Elasticity": "0.500000",
				"InverseMass": "0.100000",
				"Restitution": "0.350000",
				"HasFiniteMass": "true",
				"Damping": "0.750000",
				"ColliderType": "Cube",
				"AngularDamping": "0.400000",
				"Friction": "0.300000",
				"Scale": {
					"x": "16.799999",
					"y": "1.300000",
					"z": "25.900000"
				}
			}
		},
		"27": {
			"Type": "Cube",
			"Cube": {
				"AngularVelocity": {
					"x": "0.000000",
					"y": "0.000000",
					"z": "0.000000"
				},
				"ColliderState": "1",
				"Name": "okok",
				"Velocity": {
					"x": "0.000000",
					"y": "0.000000",
					"z": "0.000000"
				},
				"RestingState": "false",
				"Platform": "false",
				"Position": {
					"x": "0.787200",
					"y": "-1.200000",
					"z": "0.000000"
				},
				"Mass": "10.000000",
				"Orientation": {
					"r": "1.000000",
					"j": "0.000000",
					"i": "0.000000",
					"k": "0.000000"
				},
				"Acceleration": {
					"x": "0.000000",
					"y": "0.000000",
					"z": "0.000000"
				},
				"Elasticity": "1.000000",
				"InverseMass": "0.100000",
				"Restitution": "1.000000",
				"HasFiniteMass": "true",
				"Damping": "0.860000",
				"ColliderType": "Cube",
				"AngularDamping": "0.400000",
				"Friction": "1.950000",
				"Scale": {
					"x": "16.600000",
					"y": "1.500000",
					"z": "26.000000"
				}
			}
		},
		"28": {
			"Type": "Cube",
			"Cube": {
				"AngularVelocity": {
					"x": "0.000000",
					"y": "0.000000",
					"z": "0.000000"
				},
				"ColliderState": "1",
				"Name": "asdasdasd",
				"Velocity": {
					"x": "0.000000",
					"y": "0.000000",
					"z": "0.000000"
				},
				"RestingState": "false",
				"Platform": "false",
				"Position": {
					"x": "-8.100000",
					"y": "4.100000",
					"z": "0.000000"
				},
				"Mass": "10.000000",
				"Orientation": {
					"r": "1.000000",
					"j": "0.000000",
					"i": "0.000000",
					"k": "0.000000"
				},
				"Acceleration": {
					"x": "0.000000",
					"y": "0.000000",
					"z": "0.000000"
				},
				"Elasticity": "0.500000",
				"InverseMass": "0.100000",
				"Restitution": "0.350000",
				"HasFiniteMass": "true",
				"Damping": "0.750000",
				"ColliderType": "Cube",
				"AngularDamping": "0.400000",
				"Friction": "0.300000",
				"Scale": {
					"x": "1.900000",
					"y": "10.000000",
					"z": "22.100000"
				}
			}
		},
		"29": {
			"Type": "Cube",
			"Cube": {
				"AngularVelocity": {
					"x": "0.000000",
					"y": "0.000000",
					"z": "0.000000"
				},
				"ColliderState": "1",
				"Name": "hello world",
				"Velocity": {
					"x": "0.000000",
					"y": "0.000000",
					"z": "0.000000"
				},
				"RestingState": "false",
				"Platform": "false",
				"Position": {
					"x": "9.882369",
					"y": "3.900000",
					"z": "0.000000"
				},
				"Mass": "10.000000",
				"Orientation": {
					"r": "1.000000",
					"j": "0.000000",
					"i": "0.000000",
					"k": "0.000000"
				},
				"Acceleration": {
					"x": "0.000000",
					"y": "0.000000",
					"z": "0.000000"
				},
				"Elasticity": "0.500000",
				"InverseMass": "0.100000",
				"Restitution": "0.350000",
				"HasFiniteMass": "true",
				"Damping": "0.750000",
				"ColliderType": "Cube",
				"AngularDamping": "0.400000",
				"Friction": "0.300000",
				"Scale": {
					"x": "1.400000",
					"y": "10.200000",
					"z": "26.900000"
				}
			}
		}
	}
}
